inference_timestep,"['t+1', 't+2', 't+3', 't+4']"
N_est = 5,"[0.5666019, 0.8232705, 0.9073599, 0.88578796]"
N_est = 25,"[0.51290584, 0.43545341, 0.5866753, 0.5972176]"
N_est = 50,"[0.5435336, 0.7232233, 0.7387006, 0.58695114]"
N_est = 100,"[0.55842876, 0.74951464, 0.9121726, 1.369901]"
N_est = 250,"[0.5364121, 0.6201157, 0.65120566, 0.5871455]"
N_est = 500,"[0.5444931, 0.4209347, 0.58533865, 0.73879164]"
N_est = 1000,"[0.53889865, 0.6851422, 0.7522536, 0.7447828]"
