inference_timestep,"['t+1', 't+2', 't+3', 't+4']"
N_est = 5,"[0.34023866, 0.53324276, 0.63380516, 0.59991014]"
N_est = 25,"[0.5276764, 0.41126907, 0.31024897, 0.35820207]"
N_est = 50,"[0.56246054, 0.7013563, 0.6352639, 0.35360715]"
N_est = 100,"[0.50038505, 0.48773044, 0.5972799, 0.9446719]"
N_est = 250,"[0.49895597, 0.60024923, 0.61159873, 0.63687235]"
N_est = 500,"[0.51276624, 0.4939681, 0.4812457, 0.542354]"
N_est = 1000,"[0.50874835, 0.61750764, 0.6139928, 0.57886267]"
