inference_timestep,"['t+1', 't+2', 't+3', 't+4']"
N_est = 5,"[0.5111519, 0.7135403, 0.5854359, 0.6208344]"
N_est = 25,"[0.5792757, 0.56964946, 0.5718763, 0.4954916]"
N_est = 50,"[0.53040636, 0.7148544, 0.76982254, 0.89198256]"
N_est = 100,"[0.56049395, 0.52987283, 0.80106676, 0.86036193]"
N_est = 250,"[0.55576193, 0.640884, 0.8693623, 0.90679103]"
N_est = 500,"[0.5493393, 0.8311888, 0.9490391, 0.725096]"
N_est = 1000,"[0.54683363, 0.98558915, 1.1951456, 1.345932]"
